LOCATION	INDICATOR	SUBJECT	MEASURE	FREQUENCY	TIME	UN_RATE	Flag Codes
AUS	HUR	TOT	PC_LF	M	2019-12	5.046326	
AUS	HUR	TOT	PC_LF	M	2020-01	5.311689	
AUS	HUR	TOT	PC_LF	M	2020-02	5.13366	
AUS	HUR	TOT	PC_LF	M	2020-03	5.271841	
AUS	HUR	TOT	PC_LF	M	2020-04	6.374276	
AUS	HUR	TOT	PC_LF	M	2020-05	7.018559	
AUS	HUR	TOT	PC_LF	M	2020-06	7.353504	
AUS	HUR	TOT	PC_LF	M	2020-07	7.44782	
AUS	HUR	TOT	PC_LF	M	2020-08	6.758088	
AUS	HUR	TOT	PC_LF	M	2020-09	6.854655	
AUS	HUR	TOT	PC_LF	M	2020-10	6.935978	
AUS	HUR	TOT	PC_LF	M	2020-11	6.832822	
AUS	HUR	TOT	PC_LF	M	2020-12	6.577847	
AUS	HUR	TOT	PC_LF	M	2021-01	6.399545	
AUS	HUR	TOT	PC_LF	M	2021-02	5.862685	
AUS	HUR	TOT	PC_LF	M	2021-03	5.693758	
AUS	HUR	TOT	PC_LF	M	2021-04	5.471205	
AUS	HUR	TOT	PC_LF	M	2021-05	5.065564	
AUS	HUR	TOT	PC_LF	M	2021-06	4.906898	
AUS	HUR	TOT	PC_LF	M	2021-07	4.628413	
AUS	HUR	TOT	PC_LF	M	2021-08	4.525121	
AUS	HUR	TOT	PC_LF	M	2021-09	4.631909	
AUS	HUR	TOT	PC_LF	M	2021-10	5.223247	
AUS	HUR	TOT	PC_LF	M	2021-11	4.608804	
AUS	HUR	TOT	PC_LF	M	2021-12	4.157424	
AUT	HUR	TOT	PC_LF	M	2019-12	4.6	P
AUT	HUR	TOT	PC_LF	M	2020-01	4.5	P
AUT	HUR	TOT	PC_LF	M	2020-02	4.5	P
AUT	HUR	TOT	PC_LF	M	2020-03	4.9	P
AUT	HUR	TOT	PC_LF	M	2020-04	6	P
AUT	HUR	TOT	PC_LF	M	2020-05	7.1	P
AUT	HUR	TOT	PC_LF	M	2020-06	7.7	P
AUT	HUR	TOT	PC_LF	M	2020-07	6.8	P
AUT	HUR	TOT	PC_LF	M	2020-08	6.4	P
AUT	HUR	TOT	PC_LF	M	2020-09	6.4	P
AUT	HUR	TOT	PC_LF	M	2020-10	6.1	P
AUT	HUR	TOT	PC_LF	M	2020-11	6.1	P
AUT	HUR	TOT	PC_LF	M	2020-12	6.9	P
AUT	HUR	TOT	PC_LF	M	2021-01	7.3	P
AUT	HUR	TOT	PC_LF	M	2021-02	7	P
AUT	HUR	TOT	PC_LF	M	2021-03	6.7	P
AUT	HUR	TOT	PC_LF	M	2021-04	7.1	P
AUT	HUR	TOT	PC_LF	M	2021-05	6.7	P
AUT	HUR	TOT	PC_LF	M	2021-06	6.2	P
AUT	HUR	TOT	PC_LF	M	2021-07	6	P
AUT	HUR	TOT	PC_LF	M	2021-08	5.8	P
AUT	HUR	TOT	PC_LF	M	2021-09	5.1	P
AUT	HUR	TOT	PC_LF	M	2021-10	5.7	P
AUT	HUR	TOT	PC_LF	M	2021-11	5.2	P
AUT	HUR	TOT	PC_LF	M	2021-12	4.9	P
BEL	HUR	TOT	PC_LF	M	2019-12	5.3	
BEL	HUR	TOT	PC_LF	M	2020-01	5.2	
BEL	HUR	TOT	PC_LF	M	2020-02	5	
BEL	HUR	TOT	PC_LF	M	2020-03	4.9	
BEL	HUR	TOT	PC_LF	M	2020-04	4.9	
BEL	HUR	TOT	PC_LF	M	2020-05	5	
BEL	HUR	TOT	PC_LF	M	2020-06	5.4	
BEL	HUR	TOT	PC_LF	M	2020-07	6	
BEL	HUR	TOT	PC_LF	M	2020-08	6.4	
BEL	HUR	TOT	PC_LF	M	2020-09	6.3	
BEL	HUR	TOT	PC_LF	M	2020-10	5.8	
BEL	HUR	TOT	PC_LF	M	2020-11	5.8	
BEL	HUR	TOT	PC_LF	M	2020-12	6	B
BEL	HUR	TOT	PC_LF	M	2021-01	6.5	
BEL	HUR	TOT	PC_LF	M	2021-02	6.8	
BEL	HUR	TOT	PC_LF	M	2021-03	6.7	
BEL	HUR	TOT	PC_LF	M	2021-04	6.5	
BEL	HUR	TOT	PC_LF	M	2021-05	6.3	
BEL	HUR	TOT	PC_LF	M	2021-06	6.3	
BEL	HUR	TOT	PC_LF	M	2021-07	6.2	
BEL	HUR	TOT	PC_LF	M	2021-08	6.3	
BEL	HUR	TOT	PC_LF	M	2021-09	6.2	
BEL	HUR	TOT	PC_LF	M	2021-10	6	
BEL	HUR	TOT	PC_LF	M	2021-11	5.9	
BEL	HUR	TOT	PC_LF	M	2021-12	5.7	
CAN	HUR	TOT	PC_LF	M	2019-12	5.8	
CAN	HUR	TOT	PC_LF	M	2020-01	5.6	
CAN	HUR	TOT	PC_LF	M	2020-02	5.7	
CAN	HUR	TOT	PC_LF	M	2020-03	7.9	
CAN	HUR	TOT	PC_LF	M	2020-04	13	
CAN	HUR	TOT	PC_LF	M	2020-05	13.4	
CAN	HUR	TOT	PC_LF	M	2020-06	12.2	
CAN	HUR	TOT	PC_LF	M	2020-07	10.9	
CAN	HUR	TOT	PC_LF	M	2020-08	10.3	
CAN	HUR	TOT	PC_LF	M	2020-09	9.2	
CAN	HUR	TOT	PC_LF	M	2020-10	9.2	
CAN	HUR	TOT	PC_LF	M	2020-11	8.7	
CAN	HUR	TOT	PC_LF	M	2020-12	8.9	
CAN	HUR	TOT	PC_LF	M	2021-01	9.4	
CAN	HUR	TOT	PC_LF	M	2021-02	8.3	
CAN	HUR	TOT	PC_LF	M	2021-03	7.5	
CAN	HUR	TOT	PC_LF	M	2021-04	8	
CAN	HUR	TOT	PC_LF	M	2021-05	8	
CAN	HUR	TOT	PC_LF	M	2021-06	7.6	
CAN	HUR	TOT	PC_LF	M	2021-07	7.4	
CAN	HUR	TOT	PC_LF	M	2021-08	7.1	
CAN	HUR	TOT	PC_LF	M	2021-09	7	
CAN	HUR	TOT	PC_LF	M	2021-10	6.8	
CAN	HUR	TOT	PC_LF	M	2021-11	6.1	
CAN	HUR	TOT	PC_LF	M	2021-12	6	
CZE	HUR	TOT	PC_LF	M	2019-12	2	
CZE	HUR	TOT	PC_LF	M	2020-01	2	
CZE	HUR	TOT	PC_LF	M	2020-02	1.8	
CZE	HUR	TOT	PC_LF	M	2020-03	1.9	
CZE	HUR	TOT	PC_LF	M	2020-04	2.2	
CZE	HUR	TOT	PC_LF	M	2020-05	2.4	
CZE	HUR	TOT	PC_LF	M	2020-06	2.7	
CZE	HUR	TOT	PC_LF	M	2020-07	2.9	
CZE	HUR	TOT	PC_LF	M	2020-08	2.7	
CZE	HUR	TOT	PC_LF	M	2020-09	2.8	
CZE	HUR	TOT	PC_LF	M	2020-10	3.1	
CZE	HUR	TOT	PC_LF	M	2020-11	3	
CZE	HUR	TOT	PC_LF	M	2020-12	3.2	
CZE	HUR	TOT	PC_LF	M	2021-01	3.2	
CZE	HUR	TOT	PC_LF	M	2021-02	3.2	
CZE	HUR	TOT	PC_LF	M	2021-03	3.4	
CZE	HUR	TOT	PC_LF	M	2021-04	3.3	
CZE	HUR	TOT	PC_LF	M	2021-05	3.1	
CZE	HUR	TOT	PC_LF	M	2021-06	2.8	
CZE	HUR	TOT	PC_LF	M	2021-07	2.6	
CZE	HUR	TOT	PC_LF	M	2021-08	2.8	
CZE	HUR	TOT	PC_LF	M	2021-09	2.6	
CZE	HUR	TOT	PC_LF	M	2021-10	2.4	
CZE	HUR	TOT	PC_LF	M	2021-11	2.2	
CZE	HUR	TOT	PC_LF	M	2021-12	2.1	
DNK	HUR	TOT	PC_LF	M	2019-12	4.9	
DNK	HUR	TOT	PC_LF	M	2020-01	4.8	
DNK	HUR	TOT	PC_LF	M	2020-02	4.8	
DNK	HUR	TOT	PC_LF	M	2020-03	4.8	
DNK	HUR	TOT	PC_LF	M	2020-04	4.9	
DNK	HUR	TOT	PC_LF	M	2020-05	5.6	
DNK	HUR	TOT	PC_LF	M	2020-06	6.1	
DNK	HUR	TOT	PC_LF	M	2020-07	6.5	
DNK	HUR	TOT	PC_LF	M	2020-08	6.3	
DNK	HUR	TOT	PC_LF	M	2020-09	6.1	
DNK	HUR	TOT	PC_LF	M	2020-10	6	
DNK	HUR	TOT	PC_LF	M	2020-11	5.9	
DNK	HUR	TOT	PC_LF	M	2020-12	6	
DNK	HUR	TOT	PC_LF	M	2021-01	6	
DNK	HUR	TOT	PC_LF	M	2021-02	6	
DNK	HUR	TOT	PC_LF	M	2021-03	5.7	
DNK	HUR	TOT	PC_LF	M	2021-04	5.4	
DNK	HUR	TOT	PC_LF	M	2021-05	5.1	
DNK	HUR	TOT	PC_LF	M	2021-06	4.8	
DNK	HUR	TOT	PC_LF	M	2021-07	4.7	
DNK	HUR	TOT	PC_LF	M	2021-08	4.8	
DNK	HUR	TOT	PC_LF	M	2021-09	5.1	
DNK	HUR	TOT	PC_LF	M	2021-10	5	
DNK	HUR	TOT	PC_LF	M	2021-11	5.1	
DNK	HUR	TOT	PC_LF	M	2021-12	5.1	
FIN	HUR	TOT	PC_LF	M	2019-12	6.6	
FIN	HUR	TOT	PC_LF	M	2020-01	6.8	
FIN	HUR	TOT	PC_LF	M	2020-02	6.6	
FIN	HUR	TOT	PC_LF	M	2020-03	6.7	
FIN	HUR	TOT	PC_LF	M	2020-04	7.1	
FIN	HUR	TOT	PC_LF	M	2020-05	8.6	
FIN	HUR	TOT	PC_LF	M	2020-06	7.6	
FIN	HUR	TOT	PC_LF	M	2020-07	8.3	
FIN	HUR	TOT	PC_LF	M	2020-08	8.8	
FIN	HUR	TOT	PC_LF	M	2020-09	8.2	
FIN	HUR	TOT	PC_LF	M	2020-10	8.2	
FIN	HUR	TOT	PC_LF	M	2020-11	7.9	
FIN	HUR	TOT	PC_LF	M	2020-12	8.2	
FIN	HUR	TOT	PC_LF	M	2021-01	8.4	
FIN	HUR	TOT	PC_LF	M	2021-02	8	
FIN	HUR	TOT	PC_LF	M	2021-03	7.5	
FIN	HUR	TOT	PC_LF	M	2021-04	8.5	
FIN	HUR	TOT	PC_LF	M	2021-05	8.2	
FIN	HUR	TOT	PC_LF	M	2021-06	7.7	
FIN	HUR	TOT	PC_LF	M	2021-07	7.7	
FIN	HUR	TOT	PC_LF	M	2021-08	7.1	
FIN	HUR	TOT	PC_LF	M	2021-09	7.7	
FIN	HUR	TOT	PC_LF	M	2021-10	6.7	
FIN	HUR	TOT	PC_LF	M	2021-11	6.8	
FIN	HUR	TOT	PC_LF	M	2021-12	7.2	
FRA	HUR	TOT	PC_LF	M	2019-12	8.1	
FRA	HUR	TOT	PC_LF	M	2020-01	8.1	
FRA	HUR	TOT	PC_LF	M	2020-02	7.7	
FRA	HUR	TOT	PC_LF	M	2020-03	7.5	
FRA	HUR	TOT	PC_LF	M	2020-04	7.5	
FRA	HUR	TOT	PC_LF	M	2020-05	7.1	
FRA	HUR	TOT	PC_LF	M	2020-06	7.5	
FRA	HUR	TOT	PC_LF	M	2020-07	8.7	
FRA	HUR	TOT	PC_LF	M	2020-08	9	
FRA	HUR	TOT	PC_LF	M	2020-09	9	
FRA	HUR	TOT	PC_LF	M	2020-10	8.3	
FRA	HUR	TOT	PC_LF	M	2020-11	8	
FRA	HUR	TOT	PC_LF	M	2020-12	7.8	
FRA	HUR	TOT	PC_LF	M	2021-01	7.9	
FRA	HUR	TOT	PC_LF	M	2021-02	8.1	
FRA	HUR	TOT	PC_LF	M	2021-03	8.1	
FRA	HUR	TOT	PC_LF	M	2021-04	8.3	
FRA	HUR	TOT	PC_LF	M	2021-05	8.3	
FRA	HUR	TOT	PC_LF	M	2021-06	8.1	
FRA	HUR	TOT	PC_LF	M	2021-07	8	
FRA	HUR	TOT	PC_LF	M	2021-08	7.9	
FRA	HUR	TOT	PC_LF	M	2021-09	7.7	
FRA	HUR	TOT	PC_LF	M	2021-10	7.6	
FRA	HUR	TOT	PC_LF	M	2021-11	7.5	
FRA	HUR	TOT	PC_LF	M	2021-12	7.4	
DEU	HUR	TOT	PC_LF	M	2019-12	3.3	
DEU	HUR	TOT	PC_LF	M	2020-01	3.4	
DEU	HUR	TOT	PC_LF	M	2020-02	3.5	
DEU	HUR	TOT	PC_LF	M	2020-03	3.6	
DEU	HUR	TOT	PC_LF	M	2020-04	3.7	
DEU	HUR	TOT	PC_LF	M	2020-05	3.8	
DEU	HUR	TOT	PC_LF	M	2020-06	3.9	
DEU	HUR	TOT	PC_LF	M	2020-07	4	
DEU	HUR	TOT	PC_LF	M	2020-08	4.1	
DEU	HUR	TOT	PC_LF	M	2020-09	4.1	
DEU	HUR	TOT	PC_LF	M	2020-10	4.1	
DEU	HUR	TOT	PC_LF	M	2020-11	4.1	
DEU	HUR	TOT	PC_LF	M	2020-12	4	B
DEU	HUR	TOT	PC_LF	M	2021-01	4	
DEU	HUR	TOT	PC_LF	M	2021-02	3.9	P
DEU	HUR	TOT	PC_LF	M	2021-03	3.8	P
DEU	HUR	TOT	PC_LF	M	2021-04	3.7	P
DEU	HUR	TOT	PC_LF	M	2021-05	3.6	P
DEU	HUR	TOT	PC_LF	M	2021-06	3.5	P
DEU	HUR	TOT	PC_LF	M	2021-07	3.4	P
DEU	HUR	TOT	PC_LF	M	2021-08	3.4	P
DEU	HUR	TOT	PC_LF	M	2021-09	3.3	P
DEU	HUR	TOT	PC_LF	M	2021-10	3.3	P
DEU	HUR	TOT	PC_LF	M	2021-11	3.2	P
DEU	HUR	TOT	PC_LF	M	2021-12	3.2	P
GRC	HUR	TOT	PC_LF	M	2019-12	16.4	
GRC	HUR	TOT	PC_LF	M	2020-01	16.1	
GRC	HUR	TOT	PC_LF	M	2020-02	16	
GRC	HUR	TOT	PC_LF	M	2020-03	15.7	
GRC	HUR	TOT	PC_LF	M	2020-04	15.7	
GRC	HUR	TOT	PC_LF	M	2020-05	17.4	
GRC	HUR	TOT	PC_LF	M	2020-06	17.3	
GRC	HUR	TOT	PC_LF	M	2020-07	16.8	
GRC	HUR	TOT	PC_LF	M	2020-08	17.3	
GRC	HUR	TOT	PC_LF	M	2020-09	16.7	
GRC	HUR	TOT	PC_LF	M	2020-10	16.4	
GRC	HUR	TOT	PC_LF	M	2020-11	16.1	
GRC	HUR	TOT	PC_LF	M	2020-12	15.6	B
GRC	HUR	TOT	PC_LF	M	2021-01	16.4	
GRC	HUR	TOT	PC_LF	M	2021-02	15.7	
GRC	HUR	TOT	PC_LF	M	2021-03	17.1	
GRC	HUR	TOT	PC_LF	M	2021-04	17.3	
GRC	HUR	TOT	PC_LF	M	2021-05	15.7	
GRC	HUR	TOT	PC_LF	M	2021-06	15	
GRC	HUR	TOT	PC_LF	M	2021-07	14.3	
GRC	HUR	TOT	PC_LF	M	2021-08	13.7	
GRC	HUR	TOT	PC_LF	M	2021-09	13.2	
GRC	HUR	TOT	PC_LF	M	2021-10	13.5	
GRC	HUR	TOT	PC_LF	M	2021-11	13.3	
GRC	HUR	TOT	PC_LF	M	2021-12	12.7	
HUN	HUR	TOT	PC_LF	M	2019-12	3	
HUN	HUR	TOT	PC_LF	M	2020-01	3.6	
HUN	HUR	TOT	PC_LF	M	2020-02	3.5	
HUN	HUR	TOT	PC_LF	M	2020-03	3.4	
HUN	HUR	TOT	PC_LF	M	2020-04	3.7	
HUN	HUR	TOT	PC_LF	M	2020-05	4.9	
HUN	HUR	TOT	PC_LF	M	2020-06	4.9	
HUN	HUR	TOT	PC_LF	M	2020-07	4.3	
HUN	HUR	TOT	PC_LF	M	2020-08	4.2	
HUN	HUR	TOT	PC_LF	M	2020-09	4.3	
HUN	HUR	TOT	PC_LF	M	2020-10	4	
HUN	HUR	TOT	PC_LF	M	2020-11	4.3	
HUN	HUR	TOT	PC_LF	M	2020-12	4.2	
HUN	HUR	TOT	PC_LF	M	2021-01	4.5	
HUN	HUR	TOT	PC_LF	M	2021-02	4.5	
HUN	HUR	TOT	PC_LF	M	2021-03	4	
HUN	HUR	TOT	PC_LF	M	2021-04	4.1	
HUN	HUR	TOT	PC_LF	M	2021-05	4.2	
HUN	HUR	TOT	PC_LF	M	2021-06	4.1	
HUN	HUR	TOT	PC_LF	M	2021-07	4.1	
HUN	HUR	TOT	PC_LF	M	2021-08	4.1	
HUN	HUR	TOT	PC_LF	M	2021-09	3.6	
HUN	HUR	TOT	PC_LF	M	2021-10	3.9	
HUN	HUR	TOT	PC_LF	M	2021-11	3.8	
HUN	HUR	TOT	PC_LF	M	2021-12	3.7	
ISL	HUR	TOT	PC_LF	M	2019-12	4.5	
ISL	HUR	TOT	PC_LF	M	2020-01	4.7	
ISL	HUR	TOT	PC_LF	M	2020-02	5	
ISL	HUR	TOT	PC_LF	M	2020-03	5.3	
ISL	HUR	TOT	PC_LF	M	2020-04	5.6	
ISL	HUR	TOT	PC_LF	M	2020-05	5.9	
ISL	HUR	TOT	PC_LF	M	2020-06	6.1	
ISL	HUR	TOT	PC_LF	M	2020-07	6.3	
ISL	HUR	TOT	PC_LF	M	2020-08	6.4	
ISL	HUR	TOT	PC_LF	M	2020-09	6.6	
ISL	HUR	TOT	PC_LF	M	2020-10	6.8	
ISL	HUR	TOT	PC_LF	M	2020-11	6.9	
ISL	HUR	TOT	PC_LF	M	2020-12	6.9	
ISL	HUR	TOT	PC_LF	M	2021-01	6.9	
ISL	HUR	TOT	PC_LF	M	2021-02	6.9	
ISL	HUR	TOT	PC_LF	M	2021-03	6.9	
ISL	HUR	TOT	PC_LF	M	2021-04	6.7	
ISL	HUR	TOT	PC_LF	M	2021-05	6.3	
ISL	HUR	TOT	PC_LF	M	2021-06	5.9	
ISL	HUR	TOT	PC_LF	M	2021-07	5.5	
ISL	HUR	TOT	PC_LF	M	2021-08	5.2	
ISL	HUR	TOT	PC_LF	M	2021-09	5	
ISL	HUR	TOT	PC_LF	M	2021-10	4.9	
ISL	HUR	TOT	PC_LF	M	2021-11	4.9	
ISL	HUR	TOT	PC_LF	M	2021-12	4.9	
IRL	HUR	TOT	PC_LF	M	2019-12	4.8	
IRL	HUR	TOT	PC_LF	M	2020-01	4.9	
IRL	HUR	TOT	PC_LF	M	2020-02	4.9	
IRL	HUR	TOT	PC_LF	M	2020-03	5	
IRL	HUR	TOT	PC_LF	M	2020-04	4.7	
IRL	HUR	TOT	PC_LF	M	2020-05	5	
IRL	HUR	TOT	PC_LF	M	2020-06	5.6	
IRL	HUR	TOT	PC_LF	M	2020-07	6.7	
IRL	HUR	TOT	PC_LF	M	2020-08	7.2	
IRL	HUR	TOT	PC_LF	M	2020-09	7.2	
IRL	HUR	TOT	PC_LF	M	2020-10	6.4	
IRL	HUR	TOT	PC_LF	M	2020-11	6.2	
IRL	HUR	TOT	PC_LF	M	2020-12	6.2	
IRL	HUR	TOT	PC_LF	M	2021-01	7	
IRL	HUR	TOT	PC_LF	M	2021-02	7.5	
IRL	HUR	TOT	PC_LF	M	2021-03	7.8	
IRL	HUR	TOT	PC_LF	M	2021-04	7.6	
IRL	HUR	TOT	PC_LF	M	2021-05	6.9	
IRL	HUR	TOT	PC_LF	M	2021-06	6.3	
IRL	HUR	TOT	PC_LF	M	2021-07	5.8	
IRL	HUR	TOT	PC_LF	M	2021-08	5.4	
IRL	HUR	TOT	PC_LF	M	2021-09	5.2	
IRL	HUR	TOT	PC_LF	M	2021-10	5.2	
IRL	HUR	TOT	PC_LF	M	2021-11	5.2	
IRL	HUR	TOT	PC_LF	M	2021-12	5.1	
ITA	HUR	TOT	PC_LF	M	2019-12	9.7	
ITA	HUR	TOT	PC_LF	M	2020-01	9.6	
ITA	HUR	TOT	PC_LF	M	2020-02	9.6	
ITA	HUR	TOT	PC_LF	M	2020-03	7.8	
ITA	HUR	TOT	PC_LF	M	2020-04	7.5	
ITA	HUR	TOT	PC_LF	M	2020-05	8.7	
ITA	HUR	TOT	PC_LF	M	2020-06	9.6	
ITA	HUR	TOT	PC_LF	M	2020-07	10.1	
ITA	HUR	TOT	PC_LF	M	2020-08	9.9	
ITA	HUR	TOT	PC_LF	M	2020-09	10	
ITA	HUR	TOT	PC_LF	M	2020-10	10	
ITA	HUR	TOT	PC_LF	M	2020-11	9.5	
ITA	HUR	TOT	PC_LF	M	2020-12	9.8	
ITA	HUR	TOT	PC_LF	M	2021-01	10.2	
ITA	HUR	TOT	PC_LF	M	2021-02	10.1	
ITA	HUR	TOT	PC_LF	M	2021-03	10	
ITA	HUR	TOT	PC_LF	M	2021-04	10.1	
ITA	HUR	TOT	PC_LF	M	2021-05	9.8	
ITA	HUR	TOT	PC_LF	M	2021-06	9.4	
ITA	HUR	TOT	PC_LF	M	2021-07	9.1	
ITA	HUR	TOT	PC_LF	M	2021-08	9.2	
ITA	HUR	TOT	PC_LF	M	2021-09	9.1	
ITA	HUR	TOT	PC_LF	M	2021-10	9.3	
ITA	HUR	TOT	PC_LF	M	2021-11	9.1	
ITA	HUR	TOT	PC_LF	M	2021-12	9	
JPN	HUR	TOT	PC_LF	M	2019-12	2.2	
JPN	HUR	TOT	PC_LF	M	2020-01	2.4	
JPN	HUR	TOT	PC_LF	M	2020-02	2.4	
JPN	HUR	TOT	PC_LF	M	2020-03	2.5	
JPN	HUR	TOT	PC_LF	M	2020-04	2.6	
JPN	HUR	TOT	PC_LF	M	2020-05	2.8	
JPN	HUR	TOT	PC_LF	M	2020-06	2.8	
JPN	HUR	TOT	PC_LF	M	2020-07	2.9	
JPN	HUR	TOT	PC_LF	M	2020-08	3	
JPN	HUR	TOT	PC_LF	M	2020-09	3	
JPN	HUR	TOT	PC_LF	M	2020-10	3.1	
JPN	HUR	TOT	PC_LF	M	2020-11	3	
JPN	HUR	TOT	PC_LF	M	2020-12	3	
JPN	HUR	TOT	PC_LF	M	2021-01	2.9	
JPN	HUR	TOT	PC_LF	M	2021-02	2.9	
JPN	HUR	TOT	PC_LF	M	2021-03	2.6	
JPN	HUR	TOT	PC_LF	M	2021-04	2.8	
JPN	HUR	TOT	PC_LF	M	2021-05	3	
JPN	HUR	TOT	PC_LF	M	2021-06	2.9	
JPN	HUR	TOT	PC_LF	M	2021-07	2.8	
JPN	HUR	TOT	PC_LF	M	2021-08	2.8	
JPN	HUR	TOT	PC_LF	M	2021-09	2.8	
JPN	HUR	TOT	PC_LF	M	2021-10	2.7	
JPN	HUR	TOT	PC_LF	M	2021-11	2.8	
JPN	HUR	TOT	PC_LF	M	2021-12	2.7	
KOR	HUR	TOT	PC_LF	M	2019-12	3.7	
KOR	HUR	TOT	PC_LF	M	2020-01	3.9	
KOR	HUR	TOT	PC_LF	M	2020-02	3.4	
KOR	HUR	TOT	PC_LF	M	2020-03	3.8	
KOR	HUR	TOT	PC_LF	M	2020-04	3.8	
KOR	HUR	TOT	PC_LF	M	2020-05	4.3	
KOR	HUR	TOT	PC_LF	M	2020-06	4.2	
KOR	HUR	TOT	PC_LF	M	2020-07	4.1	
KOR	HUR	TOT	PC_LF	M	2020-08	3.3	
KOR	HUR	TOT	PC_LF	M	2020-09	4	
KOR	HUR	TOT	PC_LF	M	2020-10	4.2	
KOR	HUR	TOT	PC_LF	M	2020-11	4.2	
KOR	HUR	TOT	PC_LF	M	2020-12	4.5	
KOR	HUR	TOT	PC_LF	M	2021-01	5.4	
KOR	HUR	TOT	PC_LF	M	2021-02	4	
KOR	HUR	TOT	PC_LF	M	2021-03	3.9	
KOR	HUR	TOT	PC_LF	M	2021-04	3.7	
KOR	HUR	TOT	PC_LF	M	2021-05	3.8	
KOR	HUR	TOT	PC_LF	M	2021-06	3.7	
KOR	HUR	TOT	PC_LF	M	2021-07	3.3	
KOR	HUR	TOT	PC_LF	M	2021-08	2.8	
KOR	HUR	TOT	PC_LF	M	2021-09	3	
KOR	HUR	TOT	PC_LF	M	2021-10	3.2	
KOR	HUR	TOT	PC_LF	M	2021-11	3.1	
KOR	HUR	TOT	PC_LF	M	2021-12	3.8	
LUX	HUR	TOT	PC_LF	M	2019-12	5.6	
LUX	HUR	TOT	PC_LF	M	2020-01	5.7	
LUX	HUR	TOT	PC_LF	M	2020-02	5.7	
LUX	HUR	TOT	PC_LF	M	2020-03	6.5	
LUX	HUR	TOT	PC_LF	M	2020-04	7.4	
LUX	HUR	TOT	PC_LF	M	2020-05	7.7	
LUX	HUR	TOT	PC_LF	M	2020-06	7.6	
LUX	HUR	TOT	PC_LF	M	2020-07	7.1	
LUX	HUR	TOT	PC_LF	M	2020-08	6.7	
LUX	HUR	TOT	PC_LF	M	2020-09	6.5	
LUX	HUR	TOT	PC_LF	M	2020-10	6.2	
LUX	HUR	TOT	PC_LF	M	2020-11	6.2	
LUX	HUR	TOT	PC_LF	M	2020-12	6.4	
LUX	HUR	TOT	PC_LF	M	2021-01	6.3	
LUX	HUR	TOT	PC_LF	M	2021-02	6.2	
LUX	HUR	TOT	PC_LF	M	2021-03	6.1	
LUX	HUR	TOT	PC_LF	M	2021-04	6.1	
LUX	HUR	TOT	PC_LF	M	2021-05	5.9	
LUX	HUR	TOT	PC_LF	M	2021-06	5.6	
LUX	HUR	TOT	PC_LF	M	2021-07	5.5	
LUX	HUR	TOT	PC_LF	M	2021-08	5.3	
LUX	HUR	TOT	PC_LF	M	2021-09	5.2	
LUX	HUR	TOT	PC_LF	M	2021-10	5	
LUX	HUR	TOT	PC_LF	M	2021-11	5	
LUX	HUR	TOT	PC_LF	M	2021-12	5	
MEX	HUR	TOT	PC_LF	M	2019-12	3.203415	
MEX	HUR	TOT	PC_LF	M	2020-01	3.598796	
MEX	HUR	TOT	PC_LF	M	2020-02	3.556037	
MEX	HUR	TOT	PC_LF	M	2020-03	3.223095	B
MEX	HUR	TOT	PC_LF	M	2020-04	4.825917	
MEX	HUR	TOT	PC_LF	M	2020-05	4.309379	
MEX	HUR	TOT	PC_LF	M	2020-06	5.52929	B
MEX	HUR	TOT	PC_LF	M	2020-07	5.123737	
MEX	HUR	TOT	PC_LF	M	2020-08	4.947667	
MEX	HUR	TOT	PC_LF	M	2020-09	4.783014	
MEX	HUR	TOT	PC_LF	M	2020-10	4.609905	
MEX	HUR	TOT	PC_LF	M	2020-11	4.521331	
MEX	HUR	TOT	PC_LF	M	2020-12	4.219	
MEX	HUR	TOT	PC_LF	M	2021-01	4.465252	
MEX	HUR	TOT	PC_LF	M	2021-02	4.391537	
MEX	HUR	TOT	PC_LF	M	2021-03	4.291679	
MEX	HUR	TOT	PC_LF	M	2021-04	4.805423	
MEX	HUR	TOT	PC_LF	M	2021-05	4.121474	
MEX	HUR	TOT	PC_LF	M	2021-06	4.01773	
MEX	HUR	TOT	PC_LF	M	2021-07	4.17754	
MEX	HUR	TOT	PC_LF	M	2021-08	4.028196	
MEX	HUR	TOT	PC_LF	M	2021-09	3.883185	
MEX	HUR	TOT	PC_LF	M	2021-10	3.844718	
MEX	HUR	TOT	PC_LF	M	2021-11	3.768179	
MEX	HUR	TOT	PC_LF	M	2021-12	3.887654	
NLD	HUR	TOT	PC_LF	M	2019-12	4.3	
NLD	HUR	TOT	PC_LF	M	2020-01	4.1	
NLD	HUR	TOT	PC_LF	M	2020-02	4	
NLD	HUR	TOT	PC_LF	M	2020-03	4.1	
NLD	HUR	TOT	PC_LF	M	2020-04	4.5	
NLD	HUR	TOT	PC_LF	M	2020-05	4.6	
NLD	HUR	TOT	PC_LF	M	2020-06	5.4	
NLD	HUR	TOT	PC_LF	M	2020-07	5.5	
NLD	HUR	TOT	PC_LF	M	2020-08	5.5	
NLD	HUR	TOT	PC_LF	M	2020-09	5.4	
NLD	HUR	TOT	PC_LF	M	2020-10	5.3	
NLD	HUR	TOT	PC_LF	M	2020-11	5	
NLD	HUR	TOT	PC_LF	M	2020-12	4.9	
NLD	HUR	TOT	PC_LF	M	2021-01	4.7	
NLD	HUR	TOT	PC_LF	M	2021-02	4.7	
NLD	HUR	TOT	PC_LF	M	2021-03	4.6	
NLD	HUR	TOT	PC_LF	M	2021-04	4.5	
NLD	HUR	TOT	PC_LF	M	2021-05	4.4	
NLD	HUR	TOT	PC_LF	M	2021-06	4.2	
NLD	HUR	TOT	PC_LF	M	2021-07	4.1	
NLD	HUR	TOT	PC_LF	M	2021-08	4.2	
NLD	HUR	TOT	PC_LF	M	2021-09	4.1	
NLD	HUR	TOT	PC_LF	M	2021-10	3.9	
NLD	HUR	TOT	PC_LF	M	2021-11	3.7	
NLD	HUR	TOT	PC_LF	M	2021-12	3.8	
NOR	HUR	TOT	PC_LF	M	2019-12	3.9	
NOR	HUR	TOT	PC_LF	M	2020-01	3.7	
NOR	HUR	TOT	PC_LF	M	2020-02	3.5	
NOR	HUR	TOT	PC_LF	M	2020-03	3.6	
NOR	HUR	TOT	PC_LF	M	2020-04	4.1	
NOR	HUR	TOT	PC_LF	M	2020-05	4.6	
NOR	HUR	TOT	PC_LF	M	2020-06	5.2	
NOR	HUR	TOT	PC_LF	M	2020-07	5.2	
NOR	HUR	TOT	PC_LF	M	2020-08	5.3	
NOR	HUR	TOT	PC_LF	M	2020-09	5.1	
NOR	HUR	TOT	PC_LF	M	2020-10	5.2	
NOR	HUR	TOT	PC_LF	M	2020-11	5	
NOR	HUR	TOT	PC_LF	M	2020-12	4.9	
NOR	HUR	TOT	PC_LF	M	2021-01	4.9	
NOR	HUR	TOT	PC_LF	M	2021-02	4.7	
NOR	HUR	TOT	PC_LF	M	2021-03	4.8	
NOR	HUR	TOT	PC_LF	M	2021-04	5	
NOR	HUR	TOT	PC_LF	M	2021-05	5	
NOR	HUR	TOT	PC_LF	M	2021-06	4.9	
NOR	HUR	TOT	PC_LF	M	2021-07	4.3	
NOR	HUR	TOT	PC_LF	M	2021-08	4	
NOR	HUR	TOT	PC_LF	M	2021-09	3.6	
NOR	HUR	TOT	PC_LF	M	2021-10	3.6	
NOR	HUR	TOT	PC_LF	M	2021-11	3.5	
POL	HUR	TOT	PC_LF	M	2019-12	3	
POL	HUR	TOT	PC_LF	M	2020-01	3	
POL	HUR	TOT	PC_LF	M	2020-02	3	
POL	HUR	TOT	PC_LF	M	2020-03	2.9	
POL	HUR	TOT	PC_LF	M	2020-04	3.1	
POL	HUR	TOT	PC_LF	M	2020-05	3.2	
POL	HUR	TOT	PC_LF	M	2020-06	3.3	
POL	HUR	TOT	PC_LF	M	2020-07	3.4	
POL	HUR	TOT	PC_LF	M	2020-08	3.3	
POL	HUR	TOT	PC_LF	M	2020-09	3.2	
POL	HUR	TOT	PC_LF	M	2020-10	3.2	
POL	HUR	TOT	PC_LF	M	2020-11	3.2	
POL	HUR	TOT	PC_LF	M	2020-12	3.4	B
POL	HUR	TOT	PC_LF	M	2021-01	3.6	
POL	HUR	TOT	PC_LF	M	2021-02	3.9	
POL	HUR	TOT	PC_LF	M	2021-03	3.9	
POL	HUR	TOT	PC_LF	M	2021-04	3.8	
POL	HUR	TOT	PC_LF	M	2021-05	3.6	
POL	HUR	TOT	PC_LF	M	2021-06	3.4	
POL	HUR	TOT	PC_LF	M	2021-07	3.2	
POL	HUR	TOT	PC_LF	M	2021-08	3.1	
POL	HUR	TOT	PC_LF	M	2021-09	3	
POL	HUR	TOT	PC_LF	M	2021-10	3	
POL	HUR	TOT	PC_LF	M	2021-11	3	
POL	HUR	TOT	PC_LF	M	2021-12	2.9	
PRT	HUR	TOT	PC_LF	M	2019-12	6.8	
PRT	HUR	TOT	PC_LF	M	2020-01	6.9	
PRT	HUR	TOT	PC_LF	M	2020-02	6.6	
PRT	HUR	TOT	PC_LF	M	2020-03	6.3	
PRT	HUR	TOT	PC_LF	M	2020-04	6.4	
PRT	HUR	TOT	PC_LF	M	2020-05	6	
PRT	HUR	TOT	PC_LF	M	2020-06	7.5	
PRT	HUR	TOT	PC_LF	M	2020-07	8.1	
PRT	HUR	TOT	PC_LF	M	2020-08	8.2	
PRT	HUR	TOT	PC_LF	M	2020-09	8	
PRT	HUR	TOT	PC_LF	M	2020-10	7.6	
PRT	HUR	TOT	PC_LF	M	2020-11	7.2	
PRT	HUR	TOT	PC_LF	M	2020-12	6.9	
PRT	HUR	TOT	PC_LF	M	2021-01	7	
PRT	HUR	TOT	PC_LF	M	2021-02	6.9	
PRT	HUR	TOT	PC_LF	M	2021-03	6.6	
PRT	HUR	TOT	PC_LF	M	2021-04	7	
PRT	HUR	TOT	PC_LF	M	2021-05	7	
PRT	HUR	TOT	PC_LF	M	2021-06	6.8	
PRT	HUR	TOT	PC_LF	M	2021-07	6.6	
PRT	HUR	TOT	PC_LF	M	2021-08	6.3	
PRT	HUR	TOT	PC_LF	M	2021-09	6.4	
PRT	HUR	TOT	PC_LF	M	2021-10	6.4	
PRT	HUR	TOT	PC_LF	M	2021-11	6.3	
PRT	HUR	TOT	PC_LF	M	2021-12	5.9	
SVK	HUR	TOT	PC_LF	M	2019-12	5.8	
SVK	HUR	TOT	PC_LF	M	2020-01	6	
SVK	HUR	TOT	PC_LF	M	2020-02	6	
SVK	HUR	TOT	PC_LF	M	2020-03	6	
SVK	HUR	TOT	PC_LF	M	2020-04	6.6	
SVK	HUR	TOT	PC_LF	M	2020-05	6.7	
SVK	HUR	TOT	PC_LF	M	2020-06	6.7	
SVK	HUR	TOT	PC_LF	M	2020-07	7	
SVK	HUR	TOT	PC_LF	M	2020-08	7.1	
SVK	HUR	TOT	PC_LF	M	2020-09	7	
SVK	HUR	TOT	PC_LF	M	2020-10	7	
SVK	HUR	TOT	PC_LF	M	2020-11	7.1	
SVK	HUR	TOT	PC_LF	M	2020-12	7.1	B
SVK	HUR	TOT	PC_LF	M	2021-01	7.1	
SVK	HUR	TOT	PC_LF	M	2021-02	7.1	
SVK	HUR	TOT	PC_LF	M	2021-03	7.2	
SVK	HUR	TOT	PC_LF	M	2021-04	7.1	
SVK	HUR	TOT	PC_LF	M	2021-05	7	
SVK	HUR	TOT	PC_LF	M	2021-06	6.9	
SVK	HUR	TOT	PC_LF	M	2021-07	6.7	
SVK	HUR	TOT	PC_LF	M	2021-08	6.6	
SVK	HUR	TOT	PC_LF	M	2021-09	6.5	
SVK	HUR	TOT	PC_LF	M	2021-10	6.4	
SVK	HUR	TOT	PC_LF	M	2021-11	6.4	
SVK	HUR	TOT	PC_LF	M	2021-12	6.4	
ESP	HUR	TOT	PC_LF	M	2019-12	13.8	
ESP	HUR	TOT	PC_LF	M	2020-01	14	
ESP	HUR	TOT	PC_LF	M	2020-02	13.8	
ESP	HUR	TOT	PC_LF	M	2020-03	14.6	
ESP	HUR	TOT	PC_LF	M	2020-04	15.2	
ESP	HUR	TOT	PC_LF	M	2020-05	15.3	
ESP	HUR	TOT	PC_LF	M	2020-06	15.8	
ESP	HUR	TOT	PC_LF	M	2020-07	16.2	
ESP	HUR	TOT	PC_LF	M	2020-08	16.5	
ESP	HUR	TOT	PC_LF	M	2020-09	16.4	
ESP	HUR	TOT	PC_LF	M	2020-10	16.3	
ESP	HUR	TOT	PC_LF	M	2020-11	16.2	
ESP	HUR	TOT	PC_LF	M	2020-12	16.3	
ESP	HUR	TOT	PC_LF	M	2021-01	15.8	
ESP	HUR	TOT	PC_LF	M	2021-02	15.7	
ESP	HUR	TOT	PC_LF	M	2021-03	15.4	
ESP	HUR	TOT	PC_LF	M	2021-04	15.4	
ESP	HUR	TOT	PC_LF	M	2021-05	15.4	
ESP	HUR	TOT	PC_LF	M	2021-06	15.3	
ESP	HUR	TOT	PC_LF	M	2021-07	15.1	
ESP	HUR	TOT	PC_LF	M	2021-08	14.7	
ESP	HUR	TOT	PC_LF	M	2021-09	14.3	
ESP	HUR	TOT	PC_LF	M	2021-10	13.9	
ESP	HUR	TOT	PC_LF	M	2021-11	13.4	
ESP	HUR	TOT	PC_LF	M	2021-12	13	
SWE	HUR	TOT	PC_LF	M	2019-12	6.7	
SWE	HUR	TOT	PC_LF	M	2020-01	7.2	
SWE	HUR	TOT	PC_LF	M	2020-02	7.6	
SWE	HUR	TOT	PC_LF	M	2020-03	6.6	
SWE	HUR	TOT	PC_LF	M	2020-04	7.9	
SWE	HUR	TOT	PC_LF	M	2020-05	8.4	
SWE	HUR	TOT	PC_LF	M	2020-06	9	
SWE	HUR	TOT	PC_LF	M	2020-07	9.2	
SWE	HUR	TOT	PC_LF	M	2020-08	9	
SWE	HUR	TOT	PC_LF	M	2020-09	8.9	
SWE	HUR	TOT	PC_LF	M	2020-10	8.6	
SWE	HUR	TOT	PC_LF	M	2020-11	8.4	
SWE	HUR	TOT	PC_LF	M	2020-12	8.9	B
SWE	HUR	TOT	PC_LF	M	2021-01	9	
SWE	HUR	TOT	PC_LF	M	2021-02	9	
SWE	HUR	TOT	PC_LF	M	2021-03	9.5	
SWE	HUR	TOT	PC_LF	M	2021-04	9.1	
SWE	HUR	TOT	PC_LF	M	2021-05	9.1	
SWE	HUR	TOT	PC_LF	M	2021-06	9.4	
SWE	HUR	TOT	PC_LF	M	2021-07	8.3	
SWE	HUR	TOT	PC_LF	M	2021-08	8.8	
SWE	HUR	TOT	PC_LF	M	2021-09	8.8	
SWE	HUR	TOT	PC_LF	M	2021-10	8.5	
SWE	HUR	TOT	PC_LF	M	2021-11	8.3	
SWE	HUR	TOT	PC_LF	M	2021-12	8	
TUR	HUR	TOT	PC_LF	M	2019-12	13.4	
TUR	HUR	TOT	PC_LF	M	2020-01	13.1	
TUR	HUR	TOT	PC_LF	M	2020-02	12.8	
TUR	HUR	TOT	PC_LF	M	2020-03	13.1	
TUR	HUR	TOT	PC_LF	M	2020-04	13.3	
TUR	HUR	TOT	PC_LF	M	2020-05	13.2	
TUR	HUR	TOT	PC_LF	M	2020-06	13.3	
TUR	HUR	TOT	PC_LF	M	2020-07	14.4	
TUR	HUR	TOT	PC_LF	M	2020-08	13	
TUR	HUR	TOT	PC_LF	M	2020-09	12.8	
TUR	HUR	TOT	PC_LF	M	2020-10	13.1	
TUR	HUR	TOT	PC_LF	M	2020-11	13	
TUR	HUR	TOT	PC_LF	M	2020-12	12.7	
TUR	HUR	TOT	PC_LF	M	2021-01	12.7	
TUR	HUR	TOT	PC_LF	M	2021-02	13.2	
TUR	HUR	TOT	PC_LF	M	2021-03	13	
TUR	HUR	TOT	PC_LF	M	2021-04	13.4	
TUR	HUR	TOT	PC_LF	M	2021-05	12.6	
TUR	HUR	TOT	PC_LF	M	2021-06	10.6	
TUR	HUR	TOT	PC_LF	M	2021-07	11.8	
TUR	HUR	TOT	PC_LF	M	2021-08	11.8	
TUR	HUR	TOT	PC_LF	M	2021-09	11.5	
TUR	HUR	TOT	PC_LF	M	2021-10	11.2	
TUR	HUR	TOT	PC_LF	M	2021-11	11.2	
GBR	HUR	TOT	PC_LF	M	2019-12	3.912849	
GBR	HUR	TOT	PC_LF	M	2020-01	3.961213	
GBR	HUR	TOT	PC_LF	M	2020-02	3.996721	
GBR	HUR	TOT	PC_LF	M	2020-03	4.04138	
GBR	HUR	TOT	PC_LF	M	2020-04	4.14699	
GBR	HUR	TOT	PC_LF	M	2020-05	4.137189	
GBR	HUR	TOT	PC_LF	M	2020-06	4.318904	
GBR	HUR	TOT	PC_LF	M	2020-07	4.538391	
GBR	HUR	TOT	PC_LF	M	2020-08	4.84807	
GBR	HUR	TOT	PC_LF	M	2020-09	5.049924	
GBR	HUR	TOT	PC_LF	M	2020-10	5.10721	
GBR	HUR	TOT	PC_LF	M	2020-11	5.219832	
GBR	HUR	TOT	PC_LF	M	2020-12	5.134026	
GBR	HUR	TOT	PC_LF	M	2021-01	5.034872	
GBR	HUR	TOT	PC_LF	M	2021-02	4.885616	
GBR	HUR	TOT	PC_LF	M	2021-03	4.840756	
GBR	HUR	TOT	PC_LF	M	2021-04	4.839443	
GBR	HUR	TOT	PC_LF	M	2021-05	4.723915	
GBR	HUR	TOT	PC_LF	M	2021-06	4.572463	
GBR	HUR	TOT	PC_LF	M	2021-07	4.451372	
GBR	HUR	TOT	PC_LF	M	2021-08	4.263134	
GBR	HUR	TOT	PC_LF	M	2021-09	4.195306	
GBR	HUR	TOT	PC_LF	M	2021-10	4.082858	
USA	HUR	TOT	PC_LF	M	2019-12	3.6	
USA	HUR	TOT	PC_LF	M	2020-01	3.5	
USA	HUR	TOT	PC_LF	M	2020-02	3.5	
USA	HUR	TOT	PC_LF	M	2020-03	4.4	
USA	HUR	TOT	PC_LF	M	2020-04	14.7	
USA	HUR	TOT	PC_LF	M	2020-05	13.2	
USA	HUR	TOT	PC_LF	M	2020-06	11	
USA	HUR	TOT	PC_LF	M	2020-07	10.2	
USA	HUR	TOT	PC_LF	M	2020-08	8.4	
USA	HUR	TOT	PC_LF	M	2020-09	7.9	
USA	HUR	TOT	PC_LF	M	2020-10	6.9	
USA	HUR	TOT	PC_LF	M	2020-11	6.7	
USA	HUR	TOT	PC_LF	M	2020-12	6.7	
USA	HUR	TOT	PC_LF	M	2021-01	6.4	
USA	HUR	TOT	PC_LF	M	2021-02	6.2	
USA	HUR	TOT	PC_LF	M	2021-03	6	
USA	HUR	TOT	PC_LF	M	2021-04	6	
USA	HUR	TOT	PC_LF	M	2021-05	5.8	
USA	HUR	TOT	PC_LF	M	2021-06	5.9	
USA	HUR	TOT	PC_LF	M	2021-07	5.4	
USA	HUR	TOT	PC_LF	M	2021-08	5.2	
USA	HUR	TOT	PC_LF	M	2021-09	4.7	
USA	HUR	TOT	PC_LF	M	2021-10	4.6	
USA	HUR	TOT	PC_LF	M	2021-11	4.2	
USA	HUR	TOT	PC_LF	M	2021-12	3.9	
CHL	HUR	TOT	PC_LF	M	2019-12	7.858914	
CHL	HUR	TOT	PC_LF	M	2020-01	8.097715	
CHL	HUR	TOT	PC_LF	M	2020-02	8.200246	
CHL	HUR	TOT	PC_LF	M	2020-03	9.032174	
CHL	HUR	TOT	PC_LF	M	2020-04	10.88315	
CHL	HUR	TOT	PC_LF	M	2020-05	11.76417	
CHL	HUR	TOT	PC_LF	M	2020-06	12.42864	
CHL	HUR	TOT	PC_LF	M	2020-07	12.36145	
CHL	HUR	TOT	PC_LF	M	2020-08	12.0037	
CHL	HUR	TOT	PC_LF	M	2020-09	11.5377	
CHL	HUR	TOT	PC_LF	M	2020-10	11.21	
CHL	HUR	TOT	PC_LF	M	2020-11	11.0664	
CHL	HUR	TOT	PC_LF	M	2020-12	10.81276	
CHL	HUR	TOT	PC_LF	M	2021-01	10.71045	
CHL	HUR	TOT	PC_LF	M	2021-02	10.39233	
CHL	HUR	TOT	PC_LF	M	2021-03	10.29885	
CHL	HUR	TOT	PC_LF	M	2021-04	9.749037	
CHL	HUR	TOT	PC_LF	M	2021-05	9.150419	
CHL	HUR	TOT	PC_LF	M	2021-06	8.48423	
CHL	HUR	TOT	PC_LF	M	2021-07	8.198983	
CHL	HUR	TOT	PC_LF	M	2021-08	8.180911	
CHL	HUR	TOT	PC_LF	M	2021-09	8.05976	
CHL	HUR	TOT	PC_LF	M	2021-10	7.860769	
CHL	HUR	TOT	PC_LF	M	2021-11	7.75983	
EST	HUR	TOT	PC_LF	M	2019-12	4.7	
EST	HUR	TOT	PC_LF	M	2020-01	5.2	
EST	HUR	TOT	PC_LF	M	2020-02	5.2	
EST	HUR	TOT	PC_LF	M	2020-03	5.3	
EST	HUR	TOT	PC_LF	M	2020-04	6	
EST	HUR	TOT	PC_LF	M	2020-05	7	
EST	HUR	TOT	PC_LF	M	2020-06	8	
EST	HUR	TOT	PC_LF	M	2020-07	7.7	
EST	HUR	TOT	PC_LF	M	2020-08	7.7	
EST	HUR	TOT	PC_LF	M	2020-09	7.6	
EST	HUR	TOT	PC_LF	M	2020-10	7.8	
EST	HUR	TOT	PC_LF	M	2020-11	7.7	
EST	HUR	TOT	PC_LF	M	2020-12	7.2	
EST	HUR	TOT	PC_LF	M	2021-01	7.3	
EST	HUR	TOT	PC_LF	M	2021-02	6.9	
EST	HUR	TOT	PC_LF	M	2021-03	6.7	
EST	HUR	TOT	PC_LF	M	2021-04	6.6	
EST	HUR	TOT	PC_LF	M	2021-05	6.8	
EST	HUR	TOT	PC_LF	M	2021-06	6.5	
EST	HUR	TOT	PC_LF	M	2021-07	6.2	
EST	HUR	TOT	PC_LF	M	2021-08	5.8	
EST	HUR	TOT	PC_LF	M	2021-09	5.6	
EST	HUR	TOT	PC_LF	M	2021-10	5.2	
EST	HUR	TOT	PC_LF	M	2021-11	5.3	
EST	HUR	TOT	PC_LF	M	2021-12	5.2	
ISR	HUR	TOT	PC_LF	M	2019-12	3.70677	
ISR	HUR	TOT	PC_LF	M	2020-01	3.741309	
ISR	HUR	TOT	PC_LF	M	2020-02	3.40865	
ISR	HUR	TOT	PC_LF	M	2020-03	3.548455	
ISR	HUR	TOT	PC_LF	M	2020-04	3.603262	
ISR	HUR	TOT	PC_LF	M	2020-05	4.201593	
ISR	HUR	TOT	PC_LF	M	2020-06	4.565279	
ISR	HUR	TOT	PC_LF	M	2020-07	4.69406	
ISR	HUR	TOT	PC_LF	M	2020-08	4.795041	
ISR	HUR	TOT	PC_LF	M	2020-09	4.546892	
ISR	HUR	TOT	PC_LF	M	2020-10	4.654986	
ISR	HUR	TOT	PC_LF	M	2020-11	4.874448	
ISR	HUR	TOT	PC_LF	M	2020-12	4.986938	
ISR	HUR	TOT	PC_LF	M	2021-01	4.609006	
ISR	HUR	TOT	PC_LF	M	2021-02	5.231731	
ISR	HUR	TOT	PC_LF	M	2021-03	5.482666	
ISR	HUR	TOT	PC_LF	M	2021-04	5.338466	
ISR	HUR	TOT	PC_LF	M	2021-05	5.445731	
ISR	HUR	TOT	PC_LF	M	2021-06	5.092232	
ISR	HUR	TOT	PC_LF	M	2021-07	4.898877	
ISR	HUR	TOT	PC_LF	M	2021-08	4.943744	
ISR	HUR	TOT	PC_LF	M	2021-09	5.010241	
ISR	HUR	TOT	PC_LF	M	2021-10	4.824667	
ISR	HUR	TOT	PC_LF	M	2021-11	4.422648	
ISR	HUR	TOT	PC_LF	M	2021-12	4.264764	
SVN	HUR	TOT	PC_LF	M	2019-12	4	
SVN	HUR	TOT	PC_LF	M	2020-01	4.1	
SVN	HUR	TOT	PC_LF	M	2020-02	4.2	
SVN	HUR	TOT	PC_LF	M	2020-03	4.4	
SVN	HUR	TOT	PC_LF	M	2020-04	5.2	
SVN	HUR	TOT	PC_LF	M	2020-05	5.4	
SVN	HUR	TOT	PC_LF	M	2020-06	5.4	
SVN	HUR	TOT	PC_LF	M	2020-07	5.2	
SVN	HUR	TOT	PC_LF	M	2020-08	5.2	
SVN	HUR	TOT	PC_LF	M	2020-09	5.1	
SVN	HUR	TOT	PC_LF	M	2020-10	5.1	
SVN	HUR	TOT	PC_LF	M	2020-11	5.3	
SVN	HUR	TOT	PC_LF	M	2020-12	5.3	
SVN	HUR	TOT	PC_LF	M	2021-01	5.4	
SVN	HUR	TOT	PC_LF	M	2021-02	5.3	
SVN	HUR	TOT	PC_LF	M	2021-03	5	
SVN	HUR	TOT	PC_LF	M	2021-04	4.7	
SVN	HUR	TOT	PC_LF	M	2021-05	4.5	
SVN	HUR	TOT	PC_LF	M	2021-06	4.4	
SVN	HUR	TOT	PC_LF	M	2021-07	4.5	
SVN	HUR	TOT	PC_LF	M	2021-08	4.6	
SVN	HUR	TOT	PC_LF	M	2021-09	4.6	
SVN	HUR	TOT	PC_LF	M	2021-10	4.7	
SVN	HUR	TOT	PC_LF	M	2021-11	4.8	
SVN	HUR	TOT	PC_LF	M	2021-12	4.6	
OECD	HUR	TOT	PC_LF	M	2019-12	5.31692	E
OECD	HUR	TOT	PC_LF	M	2020-01	5.384266	E
OECD	HUR	TOT	PC_LF	M	2020-02	5.304635	E
OECD	HUR	TOT	PC_LF	M	2020-03	5.601364	E
OECD	HUR	TOT	PC_LF	M	2020-04	8.77831	E
OECD	HUR	TOT	PC_LF	M	2020-05	8.627194	E
OECD	HUR	TOT	PC_LF	M	2020-06	8.281718	E
OECD	HUR	TOT	PC_LF	M	2020-07	8.157091	E
OECD	HUR	TOT	PC_LF	M	2020-08	7.579337	E
OECD	HUR	TOT	PC_LF	M	2020-09	7.397134	E
OECD	HUR	TOT	PC_LF	M	2020-10	7.119826	E
OECD	HUR	TOT	PC_LF	M	2020-11	6.957213	E
OECD	HUR	TOT	PC_LF	M	2020-12	6.915699	E
OECD	HUR	TOT	PC_LF	M	2021-01	6.883452	E
OECD	HUR	TOT	PC_LF	M	2021-02	6.762364	E
OECD	HUR	TOT	PC_LF	M	2021-03	6.587384	E
OECD	HUR	TOT	PC_LF	M	2021-04	6.670521	E
OECD	HUR	TOT	PC_LF	M	2021-05	6.467648	E
OECD	HUR	TOT	PC_LF	M	2021-06	6.285612	E
OECD	HUR	TOT	PC_LF	M	2021-07	6.073858	E
OECD	HUR	TOT	PC_LF	M	2021-08	5.927618	E
OECD	HUR	TOT	PC_LF	M	2021-09	5.753938	E
OECD	HUR	TOT	PC_LF	M	2021-10	5.678314	E
OECD	HUR	TOT	PC_LF	M	2021-11	5.491945	E
OECD	HUR	TOT	PC_LF	M	2021-12	5.374865	E
G-7	HUR	TOT	PC_LF	M	2019-12	4.198163	E
G-7	HUR	TOT	PC_LF	M	2020-01	4.217169	E
G-7	HUR	TOT	PC_LF	M	2020-02	4.176214	E
G-7	HUR	TOT	PC_LF	M	2020-03	4.563828	E
G-7	HUR	TOT	PC_LF	M	2020-04	9.152949	E
G-7	HUR	TOT	PC_LF	M	2020-05	8.673733	E
G-7	HUR	TOT	PC_LF	M	2020-06	7.816007	E
G-7	HUR	TOT	PC_LF	M	2020-07	7.564371	E
G-7	HUR	TOT	PC_LF	M	2020-08	6.870991	E
G-7	HUR	TOT	PC_LF	M	2020-09	6.609487	E
G-7	HUR	TOT	PC_LF	M	2020-10	6.177911	E
G-7	HUR	TOT	PC_LF	M	2020-11	5.997701	E
G-7	HUR	TOT	PC_LF	M	2020-12	6.003135	E
G-7	HUR	TOT	PC_LF	M	2021-01	5.883975	E
G-7	HUR	TOT	PC_LF	M	2021-02	5.75891	E
G-7	HUR	TOT	PC_LF	M	2021-03	5.557964	E
G-7	HUR	TOT	PC_LF	M	2021-04	5.639382	E
G-7	HUR	TOT	PC_LF	M	2021-05	5.500295	E
G-7	HUR	TOT	PC_LF	M	2021-06	5.469728	E
G-7	HUR	TOT	PC_LF	M	2021-07	5.154238	E
G-7	HUR	TOT	PC_LF	M	2021-08	5.042152	E
G-7	HUR	TOT	PC_LF	M	2021-09	4.819509	E
G-7	HUR	TOT	PC_LF	M	2021-10	4.712972	E
G-7	HUR	TOT	PC_LF	M	2021-11	4.51009	E
G-7	HUR	TOT	PC_LF	M	2021-12	4.342466	E
EA19	HUR	TOT	PC_LF	M	2019-12	7.5	
EA19	HUR	TOT	PC_LF	M	2020-01	7.5	
EA19	HUR	TOT	PC_LF	M	2020-02	7.4	
EA19	HUR	TOT	PC_LF	M	2020-03	7.2	
EA19	HUR	TOT	PC_LF	M	2020-04	7.4	
EA19	HUR	TOT	PC_LF	M	2020-05	7.6	
EA19	HUR	TOT	PC_LF	M	2020-06	8	
EA19	HUR	TOT	PC_LF	M	2020-07	8.5	
EA19	HUR	TOT	PC_LF	M	2020-08	8.6	
EA19	HUR	TOT	PC_LF	M	2020-09	8.6	
EA19	HUR	TOT	PC_LF	M	2020-10	8.4	
EA19	HUR	TOT	PC_LF	M	2020-11	8.2	
EA19	HUR	TOT	PC_LF	M	2020-12	8.2	
EA19	HUR	TOT	PC_LF	M	2021-01	8.2	
EA19	HUR	TOT	PC_LF	M	2021-02	8.2	
EA19	HUR	TOT	PC_LF	M	2021-03	8.1	
EA19	HUR	TOT	PC_LF	M	2021-04	8.2	
EA19	HUR	TOT	PC_LF	M	2021-05	8	
EA19	HUR	TOT	PC_LF	M	2021-06	7.9	
EA19	HUR	TOT	PC_LF	M	2021-07	7.7	
EA19	HUR	TOT	PC_LF	M	2021-08	7.5	
EA19	HUR	TOT	PC_LF	M	2021-09	7.4	
EA19	HUR	TOT	PC_LF	M	2021-10	7.3	
EA19	HUR	TOT	PC_LF	M	2021-11	7.1	
EA19	HUR	TOT	PC_LF	M	2021-12	7	
LVA	HUR	TOT	PC_LF	M	2019-12	6.6	
LVA	HUR	TOT	PC_LF	M	2020-01	7.2	
LVA	HUR	TOT	PC_LF	M	2020-02	7.2	
LVA	HUR	TOT	PC_LF	M	2020-03	7.4	
LVA	HUR	TOT	PC_LF	M	2020-04	8.3	
LVA	HUR	TOT	PC_LF	M	2020-05	8.6	
LVA	HUR	TOT	PC_LF	M	2020-06	8.7	
LVA	HUR	TOT	PC_LF	M	2020-07	8.7	
LVA	HUR	TOT	PC_LF	M	2020-08	8.6	
LVA	HUR	TOT	PC_LF	M	2020-09	8.4	
LVA	HUR	TOT	PC_LF	M	2020-10	8.2	
LVA	HUR	TOT	PC_LF	M	2020-11	8.1	
LVA	HUR	TOT	PC_LF	M	2020-12	7.9	
LVA	HUR	TOT	PC_LF	M	2021-01	7.7	
LVA	HUR	TOT	PC_LF	M	2021-02	7.7	
LVA	HUR	TOT	PC_LF	M	2021-03	7.6	
LVA	HUR	TOT	PC_LF	M	2021-04	7.7	
LVA	HUR	TOT	PC_LF	M	2021-05	7.8	
LVA	HUR	TOT	PC_LF	M	2021-06	8	
LVA	HUR	TOT	PC_LF	M	2021-07	7.7	
LVA	HUR	TOT	PC_LF	M	2021-08	7.4	
LVA	HUR	TOT	PC_LF	M	2021-09	7	
LVA	HUR	TOT	PC_LF	M	2021-10	7	
LVA	HUR	TOT	PC_LF	M	2021-11	7.3	
LVA	HUR	TOT	PC_LF	M	2021-12	7.5	
LTU	HUR	TOT	PC_LF	M	2019-12	6.6	
LTU	HUR	TOT	PC_LF	M	2020-01	6.2	
LTU	HUR	TOT	PC_LF	M	2020-02	6.7	
LTU	HUR	TOT	PC_LF	M	2020-03	7.2	
LTU	HUR	TOT	PC_LF	M	2020-04	7.9	
LTU	HUR	TOT	PC_LF	M	2020-05	8.6	
LTU	HUR	TOT	PC_LF	M	2020-06	9.1	
LTU	HUR	TOT	PC_LF	M	2020-07	9.4	
LTU	HUR	TOT	PC_LF	M	2020-08	9.8	
LTU	HUR	TOT	PC_LF	M	2020-09	9.9	
LTU	HUR	TOT	PC_LF	M	2020-10	9.3	
LTU	HUR	TOT	PC_LF	M	2020-11	9.2	
LTU	HUR	TOT	PC_LF	M	2020-12	9.2	
LTU	HUR	TOT	PC_LF	M	2021-01	7.4	
LTU	HUR	TOT	PC_LF	M	2021-02	6.8	
LTU	HUR	TOT	PC_LF	M	2021-03	6.5	
LTU	HUR	TOT	PC_LF	M	2021-04	7.2	
LTU	HUR	TOT	PC_LF	M	2021-05	7.7	
LTU	HUR	TOT	PC_LF	M	2021-06	7.8	
LTU	HUR	TOT	PC_LF	M	2021-07	7.3	
LTU	HUR	TOT	PC_LF	M	2021-08	7	
LTU	HUR	TOT	PC_LF	M	2021-09	6.7	
LTU	HUR	TOT	PC_LF	M	2021-10	6.5	
LTU	HUR	TOT	PC_LF	M	2021-11	6	
LTU	HUR	TOT	PC_LF	M	2021-12	5.6	
COL	HUR	TOT	PC_LF	M	2019-12	10.76441	
COL	HUR	TOT	PC_LF	M	2020-01	11.06558	
COL	HUR	TOT	PC_LF	M	2020-02	11.33739	
COL	HUR	TOT	PC_LF	M	2020-03	12.65993	
COL	HUR	TOT	PC_LF	M	2020-04	18.39224	
COL	HUR	TOT	PC_LF	M	2020-05	19.63786	
COL	HUR	TOT	PC_LF	M	2020-06	19.49061	
COL	HUR	TOT	PC_LF	M	2020-07	18.87553	
COL	HUR	TOT	PC_LF	M	2020-08	17.19082	
COL	HUR	TOT	PC_LF	M	2020-09	16.6774	
COL	HUR	TOT	PC_LF	M	2020-10	16.4383	
COL	HUR	TOT	PC_LF	M	2020-11	15.79442	
COL	HUR	TOT	PC_LF	M	2020-12	15.2235	
COL	HUR	TOT	PC_LF	M	2021-01	14.86108	
COL	HUR	TOT	PC_LF	M	2021-02	14.98882	
COL	HUR	TOT	PC_LF	M	2021-03	14.35075	
COL	HUR	TOT	PC_LF	M	2021-04	14.09215	
COL	HUR	TOT	PC_LF	M	2021-05	14.39372	
COL	HUR	TOT	PC_LF	M	2021-06	14.24098	
COL	HUR	TOT	PC_LF	M	2021-07	13.4282	
COL	HUR	TOT	PC_LF	M	2021-08	12.81402	
COL	HUR	TOT	PC_LF	M	2021-09	12.97052	
COL	HUR	TOT	PC_LF	M	2021-10	13.36363	
COL	HUR	TOT	PC_LF	M	2021-11	12.98232	
COL	HUR	TOT	PC_LF	M	2021-12	12.63086	
EU27_2020	HUR	TOT	PC_LF	M	2019-12	6.7	
EU27_2020	HUR	TOT	PC_LF	M	2020-01	6.7	
EU27_2020	HUR	TOT	PC_LF	M	2020-02	6.6	
EU27_2020	HUR	TOT	PC_LF	M	2020-03	6.5	
EU27_2020	HUR	TOT	PC_LF	M	2020-04	6.7	
EU27_2020	HUR	TOT	PC_LF	M	2020-05	7	
EU27_2020	HUR	TOT	PC_LF	M	2020-06	7.4	
EU27_2020	HUR	TOT	PC_LF	M	2020-07	7.7	
EU27_2020	HUR	TOT	PC_LF	M	2020-08	7.8	
EU27_2020	HUR	TOT	PC_LF	M	2020-09	7.8	
EU27_2020	HUR	TOT	PC_LF	M	2020-10	7.6	
EU27_2020	HUR	TOT	PC_LF	M	2020-11	7.4	
EU27_2020	HUR	TOT	PC_LF	M	2020-12	7.5	
EU27_2020	HUR	TOT	PC_LF	M	2021-01	7.5	
EU27_2020	HUR	TOT	PC_LF	M	2021-02	7.5	
EU27_2020	HUR	TOT	PC_LF	M	2021-03	7.4	
EU27_2020	HUR	TOT	PC_LF	M	2021-04	7.5	
EU27_2020	HUR	TOT	PC_LF	M	2021-05	7.3	
EU27_2020	HUR	TOT	PC_LF	M	2021-06	7.1	
EU27_2020	HUR	TOT	PC_LF	M	2021-07	6.9	
EU27_2020	HUR	TOT	PC_LF	M	2021-08	6.9	
EU27_2020	HUR	TOT	PC_LF	M	2021-09	6.7	
EU27_2020	HUR	TOT	PC_LF	M	2021-10	6.6	
EU27_2020	HUR	TOT	PC_LF	M	2021-11	6.5	
EU27_2020	HUR	TOT	PC_LF	M	2021-12	6.4	
CRI	HUR	TOT	PC_LF	M	2019-12	12.3704	
CRI	HUR	TOT	PC_LF	M	2020-01	12.27495	
CRI	HUR	TOT	PC_LF	M	2020-02	12.52184	
CRI	HUR	TOT	PC_LF	M	2020-03	15.70129	
CRI	HUR	TOT	PC_LF	M	2020-04	20.03116	
CRI	HUR	TOT	PC_LF	M	2020-05	23.81541	
CRI	HUR	TOT	PC_LF	M	2020-06	24.20592	
CRI	HUR	TOT	PC_LF	M	2020-07	23.00119	
CRI	HUR	TOT	PC_LF	M	2020-08	21.86145	
CRI	HUR	TOT	PC_LF	M	2020-09	21.82861	
CRI	HUR	TOT	PC_LF	M	2020-10	21.32201	
CRI	HUR	TOT	PC_LF	M	2020-11	20.01788	
CRI	HUR	TOT	PC_LF	M	2020-12	19.14291	
CRI	HUR	TOT	PC_LF	M	2021-01	18.57435	
CRI	HUR	TOT	PC_LF	M	2021-02	18.76781	
CRI	HUR	TOT	PC_LF	M	2021-03	17.3308	
CRI	HUR	TOT	PC_LF	M	2021-04	17.70022	
CRI	HUR	TOT	PC_LF	M	2021-05	18.01385	
CRI	HUR	TOT	PC_LF	M	2021-06	17.42211	
CRI	HUR	TOT	PC_LF	M	2021-07	16.38313	
CRI	HUR	TOT	PC_LF	M	2021-08	15.31129	
CRI	HUR	TOT	PC_LF	M	2021-09	15.02083	
CRI	HUR	TOT	PC_LF	M	2021-10	14.42203	
